{
    "cpu_cycles_pass2_start": 24138817891231,
    "cycles_program_begin": 24138283813949,
    "MlibObjs": {},
    "perf": [
        {
            "stat": [
                "main",
                "entry",
                0.0075469017028808594,
                0.023406,
                0.016767000000000001,
                200932,
                200932,
                0.0,
                0.0,
                1684553029.1514399,
                24138283952165
            ],
            "sub": [
                {
                    "stat": [
                        "doParsingAndDesignResolution",
                        "entry",
                        0.13032007217407227,
                        0.032711999999999998,
                        0.026179000000000001,
                        210160,
                        210960,
                        0.0,
                        0.0,
                        1684553029.2742131,
                        24138727180621
                    ],
                    "sub": []
                },
                {
                    "stat": [
                        "doParsingAndDesignResolution",
                        "exit",
                        0.1350560188293457,
                        0.034202000000000003,
                        0.028983999999999999,
                        210456,
                        211104,
                        0.0,
                        0.0,
                        1684553029.278949,
                        24138744245145
                    ],
                    "sub": []
                },
                {
                    "stat": [
                        "doPostDesignResolutionToVir2Vcs",
                        "entry",
                        0.1355290412902832,
                        0.034674000000000003,
                        0.028983999999999999,
                        210600,
                        211104,
                        0.0,
                        0.0,
                        1684553029.279422,
                        24138745901797
                    ],
                    "sub": [
                        {
                            "stat": [
                                "doUptoVir2VcsNoSepCleanup",
                                "entry",
                                0.1373140811920166,
                                0.036006000000000003,
                                0.029437999999999999,
                                211756,
                                211756,
                                0.0,
                                0.0,
                                1684553029.2812071,
                                24138752322247
                            ],
                            "sub": []
                        },
                        {
                            "stat": [
                                "doUptoVir2VcsNoSepCleanup",
                                "exit",
                                0.14263796806335449,
                                0.038619000000000001,
                                0.032134999999999997,
                                213216,
                                225552,
                                0.0,
                                0.0,
                                1684553029.286531,
                                24138771541921
                            ],
                            "sub": []
                        },
                        {
                            "stat": [
                                "doRadify_vir2vcsAll",
                                "entry",
                                0.14265990257263184,
                                0.038632,
                                0.032146000000000001,
                                213216,
                                225552,
                                0.0,
                                0.0,
                                1684553029.2865529,
                                24138771586833
                            ],
                            "sub": []
                        },
                        {
                            "stat": [
                                "doRadify_vir2vcsAll",
                                "exit",
                                0.14380192756652832,
                                0.039254999999999998,
                                0.032663999999999999,
                                213728,
                                225552,
                                0.0,
                                0.0,
                                1684553029.2876949,
                                24138775734753
                            ],
                            "sub": []
                        }
                    ]
                },
                {
                    "stat": [
                        "doPostDesignResolutionToVir2Vcs",
                        "exit",
                        0.14381504058837891,
                        0.039261999999999998,
                        0.032670999999999999,
                        213728,
                        225552,
                        0.0,
                        0.0,
                        1684553029.287708,
                        24138775755537
                    ],
                    "sub": []
                },
                {
                    "stat": [
                        "doGAToPass2",
                        "entry",
                        0.14382004737854004,
                        0.039265000000000001,
                        0.032673000000000001,
                        213728,
                        225552,
                        0.0,
                        0.0,
                        1684553029.2877131,
                        24138775771395
                    ],
                    "sub": [
                        {
                            "stat": [
                                "DoPass2",
                                "entry",
                                0.15547490119934082,
                                0.039631,
                                0.032976999999999999,
                                212172,
                                225552,
                                0.0018699999999999999,
                                0.0092820000000000003,
                                1684553029.2993679,
                                24138817883343
                            ],
                            "sub": []
                        },
                        {
                            "stat": [
                                "DoPass2",
                                "exit",
                                0.17190194129943848,
                                0.053755999999999998,
                                0.034286999999999998,
                                224072,
                                225552,
                                0.00282,
                                0.0092820000000000003,
                                1684553029.3157949,
                                24138877165151
                            ],
                            "sub": []
                        }
                    ]
                },
                {
                    "stat": [
                        "doGAToPass2",
                        "exit",
                        0.17274999618530273,
                        0.053755999999999998,
                        0.035135,
                        224072,
                        225552,
                        0.00282,
                        0.0092820000000000003,
                        1684553029.316643,
                        24138880213225
                    ],