{
    "Modules": {
        "round": {
            "start_perf": [
                0.16570091247558594,
                0.048302999999999999,
                0.033554,
                222408,
                225552,
                1684553029.3095939,
                24138854754801
            ],
            "Compiled Times": 8,
            "child_modules": {},
            "Compiled": "Yes",
            "nRouts": 32,
            "end_perf": [
                0.17116403579711914,
                0.053755999999999998,
                0.033554,
                222408,
                225552,
                24138874524425,
                12884901889,
                0
            ],
            "nQuads": 580,
            "nMops": 3708
        },
        "...MASTER...": {
            "start_perf": [
                0.15551590919494629,
                0.039654000000000002,
                0.032995999999999998,
                212172,
                225552,
                1684553029.2994089,
                24138817991067
            ],
            "child_modules": {
                "encrypt_tb": 1
            },
            "nRouts": 5,
            "end_perf": [
                0.15764689445495605,
                0.040301999999999998,
                0.033536000000000003,
                214720,
                225552,
                24138825708465,
                0,
                0
            ],
            "nQuads": 0,
            "nMops": 0
        },
        "encrypt_tb": {
            "start_perf": [
                0.15768599510192871,
                0.040323999999999999,
                0.033554,
                214720,
                225552,
                1684553029.301579,
                24138825822953
            ],
            "Compiled Times": 8,
            "child_modules": {
                "round": 8
            },
            "Compiled": "Yes",
            "nRouts": 49,
            "end_perf": [
                0.16568398475646973,
                0.048284000000000001,
                0.033554,
                222408,
                225552,
                24138854721505,
                8589934593,
                0
            ],
            "nQuads": 260,
            "nMops": 1090
        }
    },
    "CompUnits": {
        "amcQw_d": {
            "bytes": 7642,
            "out": "objs/amcQw_d.o",
            "mod": "...MASTER...",
            "text": 402,
            "mode": 4,
            "checksum": 0
        },
        "NpYLz_d": {
            "bytes": 24954,
            "out": "NpYLz_d.o",
            "mod": "encrypt_tb",
            "text": 9546,
            "mode": 4,
            "checksum": 0,
            "archive": "archive.156/_48556_archive_1.a"
        },
        "p2FWK_d": {
            "bytes": 27004,
            "out": "p2FWK_d.o",
            "mod": "round",
            "text": 16241,
            "mode": 4,
            "checksum": 0,
            "archive": "archive.156/_48556_archive_1.a"
        }
    },
    "reusePaths": {},
    "ObjArchives": [
        {
            "objects": [
                [
                    "NpYLz_d.o",
                    24954
                ],
                [
                    "p2FWK_d.o",
                    27004
                ],
                [
                    "amcQwB.o",
                    100524
                ]
            ],
            "archive": "archive.156/_48556_archive_1.a",
            "size": 152482
        }
    ],
    "stat": {
        "ru_childs_end": {
            "ru_utime_sec": 0.00282,
            "ru_nivcsw": 1,
            "ru_nvcsw": 16,
            "ru_stime_sec": 0.0092820000000000003,
            "ru_maxrss_kb": 108940,
            "ru_minflt": 2952,
            "ru_majflt": 0
        },
        "ru_self_end": {
            "ru_utime_sec": 0.053755999999999998,
            "ru_nivcsw": 9,
            "ru_nvcsw": 25,
            "ru_stime_sec": 0.035159000000000003,
            "ru_maxrss_kb": 119660,
            "ru_minflt": 8476,
            "ru_majflt": 0
        },
        "cpu_cycles_end": 24138880277119,
        "peak_mem_kb": 225552
    }
}